,iter_id,NN_ate_pred,NN_att_pred,NN_bias_att,NN_atc_pred,NN_policy_value,NN_policy_risk,NN_err_fact,SAE_e2e_ate_pred,SAE_e2e_att_pred,SAE_e2e_bias_att,SAE_e2e_atc_pred,SAE_e2e_policy_value,SAE_e2e_policy_risk,SAE_e2e_err_fact,SAE_stacked_all_layer_active_ate_pred,SAE_stacked_all_layer_active_att_pred,SAE_stacked_all_layer_active_bias_att,SAE_stacked_all_layer_active_atc_pred,SAE_stacked_all_layer_active_policy_value,SAE_stacked_all_layer_active_policy_risk,SAE_stacked_all_layer_active_err_fact,SAE_stacked_cur_layer_active_ate_pred,SAE_stacked_cur_layer_active_att_pred,SAE_stacked_cur_layer_active_bias_att,SAE_stacked_cur_layer_active_atc_pred,SAE_stacked_cur_layer_active_policy_value,SAE_stacked_cur_layer_active_policy_risk,SAE_stacked_cur_layer_active_err_fact,LR_ate_pred,LR_att_pred,LR_bias_att,LR_atc_pred,LR_policy_value,LR_policy_risk,LR_err_fact,LR_Lasso_ate_pred,LR_Lasso_att_pred,LR_Lasso_bias_att,LR_Lasso_atc_pred,LR_Lasso_policy_value,LR_Lasso_policy_risk,LR_Lasso_err_fact
0,0,0.0,-0.16666666666666666,0.2595238095238095,0.11904761904761904,0.7350352112676056,0.2649647887323944,0.1822429906542056,-0.020833333333333332,-0.16666666666666666,0.2595238095238095,0.08333333333333333,0.7191584967320261,0.28084150326797386,0.28084150326797386,-0.006944444444444444,-0.006944444444444444,0.24285714285714285,0.24285714285714285,0.7297794117647058,0.27022058823529416,0.18691588785046728,0.034722222222222224,-0.11666666666666667,0.20952380952380953,0.14285714285714285,0.7224178403755868,0.27758215962441324,0.1853582554517134,-0.027777777777777776,-0.08333333333333333,0.17619047619047618,0.011904761904761904,0.7188888888888889,0.2811111111111111,0.1838006230529595,0.006944444444444444,-0.16666666666666666,0.2595238095238095,0.13095238095238096,0.6238425925925926,0.37615740740740744,0.18847352024922118
